Stakeholder ID,Plot Link
main_plot,/main_plot/
STK-003 STK-021 STK-027 STK-043,/STK-003 STK-021 STK-027 STK-043/
STK-020,/STK-020/
STK-011-01,/STK-011-01/
STK-002,/STK-002/
STK-045,/STK-045/
STK-042,/STK-042/
STK-037,/STK-037/
STK-014,/STK-014/
STK-010,/STK-010/
STK-024,/STK-024/
STK-016,/STK-016/
STK-011-02,/STK-011-02/
STK-013,/STK-013/
STK-048,/STK-048/
STK-060,/STK-060/
STK-047,/STK-047/
STK-059,/STK-059/
STK-053,/STK-053/
STK-058,/STK-058/
STK-036,/STK-036/
STK-121,/STK-121/
STK-003 STK-021 STK-027 STK-043,/STK-003 STK-021 STK-027 STK-043/
STK-020,/STK-020/
STK-011-01,/STK-011-01/
STK-002,/STK-002/
STK-045,/STK-045/
STK-042,/STK-042/
STK-037,/STK-037/
STK-014,/STK-014/
STK-010,/STK-010/
STK-024,/STK-024/
STK-016,/STK-016/
STK-011-02,/STK-011-02/
STK-013,/STK-013/
STK-048,/STK-048/
STK-060,/STK-060/
STK-047,/STK-047/
STK-059,/STK-059/
STK-053,/STK-053/
STK-058,/STK-058/
STK-036,/STK-036/
STK-121,/STK-121/
